[{"Date":"2019-01-01","BlueScreen":2,"Scratch":0,"Object":7},{"Date":"2019-01-02","BlueScreen":11,"Scratch":15,"Object":14},{"Date":"2019-01-03","BlueScreen":3,"Scratch":10,"Object":6},{"Date":"2019-01-04","BlueScreen":12,"Scratch":15,"Object":14},{"Date":"2019-01-05","BlueScreen":17,"Scratch":20,"Object":2},{"Date":"2019-01-06","BlueScreen":11,"Scratch":6,"Object":15},{"Date":"2019-01-07","BlueScreen":2,"Scratch":16,"Object":2},{"Date":"2019-01-08","BlueScreen":17,"Scratch":13,"Object":9},{"Date":"2019-01-09","BlueScreen":12,"Scratch":7,"Object":7},{"Date":"2019-01-10","BlueScreen":15,"Scratch":14,"Object":6},{"Date":"2019-01-11","BlueScreen":0,"Scratch":10,"Object":12},{"Date":"2019-01-12","BlueScreen":14,"Scratch":18,"Object":1},{"Date":"2019-01-13","BlueScreen":5,"Scratch":2,"Object":6},{"Date":"2019-01-14","BlueScreen":5,"Scratch":18,"Object":20},{"Date":"2019-01-15","BlueScreen":4,"Scratch":0,"Object":16},{"Date":"2019-01-16","BlueScreen":4,"Scratch":9,"Object":11},{"Date":"2019-01-17","BlueScreen":11,"Scratch":3,"Object":3},{"Date":"2019-01-18","BlueScreen":0,"Scratch":7,"Object":17},{"Date":"2019-01-19","BlueScreen":14,"Scratch":11,"Object":18},{"Date":"2019-01-20","BlueScreen":1,"Scratch":2,"Object":5},{"Date":"2019-01-21","BlueScreen":16,"Scratch":18,"Object":8},{"Date":"2019-01-22","BlueScreen":6,"Scratch":6,"Object":11},{"Date":"2019-01-23","BlueScreen":19,"Scratch":15,"Object":16},{"Date":"2019-01-24","BlueScreen":2,"Scratch":15,"Object":19},{"Date":"2019-01-25","BlueScreen":14,"Scratch":19,"Object":19},{"Date":"2019-01-26","BlueScreen":19,"Scratch":5,"Object":12},{"Date":"2019-01-27","BlueScreen":10,"Scratch":10,"Object":12},{"Date":"2019-01-28","BlueScreen":16,"Scratch":14,"Object":6},{"Date":"2019-01-29","BlueScreen":18,"Scratch":10,"Object":9},{"Date":"2019-01-30","BlueScreen":16,"Scratch":14,"Object":8},{"Date":"2019-01-31","BlueScreen":3,"Scratch":10,"Object":18},{"Date":"2019-02-01","BlueScreen":3,"Scratch":9,"Object":13},{"Date":"2019-02-02","BlueScreen":13,"Scratch":18,"Object":3},{"Date":"2019-02-03","BlueScreen":10,"Scratch":19,"Object":20},{"Date":"2019-02-04","BlueScreen":9,"Scratch":9,"Object":10},{"Date":"2019-02-05","BlueScreen":5,"Scratch":3,"Object":6},{"Date":"2019-02-06","BlueScreen":17,"Scratch":17,"Object":18},{"Date":"2019-02-07","BlueScreen":2,"Scratch":12,"Object":5},{"Date":"2019-02-08","BlueScreen":3,"Scratch":10,"Object":14},{"Date":"2019-02-09","BlueScreen":4,"Scratch":6,"Object":15},{"Date":"2019-02-10","BlueScreen":7,"Scratch":16,"Object":10},{"Date":"2019-02-11","BlueScreen":13,"Scratch":15,"Object":11},{"Date":"2019-02-12","BlueScreen":12,"Scratch":10,"Object":10},{"Date":"2019-02-13","BlueScreen":12,"Scratch":13,"Object":13},{"Date":"2019-02-14","BlueScreen":4,"Scratch":15,"Object":13},{"Date":"2019-02-15","BlueScreen":9,"Scratch":13,"Object":10},{"Date":"2019-02-16","BlueScreen":8,"Scratch":16,"Object":6},{"Date":"2019-02-17","BlueScreen":13,"Scratch":8,"Object":6},{"Date":"2019-02-18","BlueScreen":7,"Scratch":20,"Object":2},{"Date":"2019-02-19","BlueScreen":2,"Scratch":15,"Object":3},{"Date":"2019-02-20","BlueScreen":14,"Scratch":19,"Object":7},{"Date":"2019-02-21","BlueScreen":19,"Scratch":2,"Object":0},{"Date":"2019-02-22","BlueScreen":18,"Scratch":19,"Object":10},{"Date":"2019-02-23","BlueScreen":10,"Scratch":9,"Object":6},{"Date":"2019-02-24","BlueScreen":11,"Scratch":2,"Object":4},{"Date":"2019-02-25","BlueScreen":15,"Scratch":11,"Object":2},{"Date":"2019-02-26","BlueScreen":1,"Scratch":11,"Object":16},{"Date":"2019-02-27","BlueScreen":2,"Scratch":18,"Object":20},{"Date":"2019-02-28","BlueScreen":10,"Scratch":10,"Object":15},{"Date":"2019-03-01","BlueScreen":19,"Scratch":15,"Object":9},{"Date":"2019-03-02","BlueScreen":7,"Scratch":2,"Object":5},{"Date":"2019-03-03","BlueScreen":5,"Scratch":16,"Object":16},{"Date":"2019-03-04","BlueScreen":9,"Scratch":17,"Object":14},{"Date":"2019-03-05","BlueScreen":20,"Scratch":1,"Object":1},{"Date":"2019-03-06","BlueScreen":20,"Scratch":11,"Object":15},{"Date":"2019-03-07","BlueScreen":10,"Scratch":19,"Object":10},{"Date":"2019-03-08","BlueScreen":9,"Scratch":17,"Object":11},{"Date":"2019-03-09","BlueScreen":17,"Scratch":9,"Object":17},{"Date":"2019-03-10","BlueScreen":16,"Scratch":9,"Object":13},{"Date":"2019-03-11","BlueScreen":3,"Scratch":10,"Object":20},{"Date":"2019-03-12","BlueScreen":13,"Scratch":4,"Object":14},{"Date":"2019-03-13","BlueScreen":17,"Scratch":15,"Object":5},{"Date":"2019-03-14","BlueScreen":4,"Scratch":18,"Object":15},{"Date":"2019-03-15","BlueScreen":7,"Scratch":17,"Object":20},{"Date":"2019-03-16","BlueScreen":10,"Scratch":3,"Object":20},{"Date":"2019-03-17","BlueScreen":7,"Scratch":10,"Object":3},{"Date":"2019-03-18","BlueScreen":20,"Scratch":19,"Object":14},{"Date":"2019-03-19","BlueScreen":4,"Scratch":2,"Object":12},{"Date":"2019-03-20","BlueScreen":20,"Scratch":9,"Object":1},{"Date":"2019-03-21","BlueScreen":12,"Scratch":15,"Object":9},{"Date":"2019-03-22","BlueScreen":4,"Scratch":13,"Object":12},{"Date":"2019-03-23","BlueScreen":7,"Scratch":18,"Object":19},{"Date":"2019-03-24","BlueScreen":1,"Scratch":13,"Object":19},{"Date":"2019-03-25","BlueScreen":17,"Scratch":13,"Object":15},{"Date":"2019-03-26","BlueScreen":14,"Scratch":19,"Object":5},{"Date":"2019-03-27","BlueScreen":16,"Scratch":16,"Object":1},{"Date":"2019-03-28","BlueScreen":8,"Scratch":9,"Object":12},{"Date":"2019-03-29","BlueScreen":17,"Scratch":3,"Object":18},{"Date":"2019-03-30","BlueScreen":18,"Scratch":18,"Object":5},{"Date":"2019-03-31","BlueScreen":14,"Scratch":3,"Object":14},{"Date":"2019-04-01","BlueScreen":18,"Scratch":5,"Object":10},{"Date":"2019-04-02","BlueScreen":15,"Scratch":0,"Object":3},{"Date":"2019-04-03","BlueScreen":11,"Scratch":11,"Object":1},{"Date":"2019-04-04","BlueScreen":13,"Scratch":17,"Object":16},{"Date":"2019-04-05","BlueScreen":19,"Scratch":8,"Object":1},{"Date":"2019-04-06","BlueScreen":10,"Scratch":13,"Object":2},{"Date":"2019-04-07","BlueScreen":9,"Scratch":17,"Object":1},{"Date":"2019-04-08","BlueScreen":15,"Scratch":4,"Object":18},{"Date":"2019-04-09","BlueScreen":10,"Scratch":9,"Object":6},{"Date":"2019-04-10","BlueScreen":16,"Scratch":14,"Object":6},{"Date":"2019-04-11","BlueScreen":19,"Scratch":12,"Object":14},{"Date":"2019-04-12","BlueScreen":2,"Scratch":2,"Object":0},{"Date":"2019-04-13","BlueScreen":1,"Scratch":19,"Object":16},{"Date":"2019-04-14","BlueScreen":6,"Scratch":12,"Object":6},{"Date":"2019-04-15","BlueScreen":9,"Scratch":2,"Object":5},{"Date":"2019-04-16","BlueScreen":17,"Scratch":1,"Object":3},{"Date":"2019-04-17","BlueScreen":15,"Scratch":11,"Object":15},{"Date":"2019-04-18","BlueScreen":12,"Scratch":16,"Object":0},{"Date":"2019-04-19","BlueScreen":10,"Scratch":7,"Object":18},{"Date":"2019-04-20","BlueScreen":9,"Scratch":13,"Object":20},{"Date":"2019-04-21","BlueScreen":13,"Scratch":16,"Object":3},{"Date":"2019-04-22","BlueScreen":4,"Scratch":1,"Object":11},{"Date":"2019-04-23","BlueScreen":6,"Scratch":7,"Object":5},{"Date":"2019-04-24","BlueScreen":12,"Scratch":7,"Object":0},{"Date":"2019-04-25","BlueScreen":7,"Scratch":3,"Object":4},{"Date":"2019-04-26","BlueScreen":5,"Scratch":14,"Object":0},{"Date":"2019-04-27","BlueScreen":4,"Scratch":0,"Object":7},{"Date":"2019-04-28","BlueScreen":16,"Scratch":2,"Object":3},{"Date":"2019-04-29","BlueScreen":3,"Scratch":19,"Object":17},{"Date":"2019-04-30","BlueScreen":12,"Scratch":13,"Object":13},{"Date":"2019-05-01","BlueScreen":12,"Scratch":2,"Object":17},{"Date":"2019-05-02","BlueScreen":4,"Scratch":2,"Object":12},{"Date":"2019-05-03","BlueScreen":7,"Scratch":20,"Object":4},{"Date":"2019-05-04","BlueScreen":4,"Scratch":10,"Object":8},{"Date":"2019-05-05","BlueScreen":2,"Scratch":16,"Object":13},{"Date":"2019-05-06","BlueScreen":20,"Scratch":9,"Object":1},{"Date":"2019-05-07","BlueScreen":6,"Scratch":19,"Object":15},{"Date":"2019-05-08","BlueScreen":20,"Scratch":3,"Object":5},{"Date":"2019-05-09","BlueScreen":7,"Scratch":6,"Object":14},{"Date":"2019-05-10","BlueScreen":6,"Scratch":4,"Object":6},{"Date":"2019-05-11","BlueScreen":11,"Scratch":9,"Object":15},{"Date":"2019-05-12","BlueScreen":3,"Scratch":0,"Object":9},{"Date":"2019-05-13","BlueScreen":18,"Scratch":0,"Object":12},{"Date":"2019-05-14","BlueScreen":7,"Scratch":18,"Object":2},{"Date":"2019-05-15","BlueScreen":2,"Scratch":10,"Object":11},{"Date":"2019-05-16","BlueScreen":8,"Scratch":14,"Object":18},{"Date":"2019-05-17","BlueScreen":12,"Scratch":0,"Object":15},{"Date":"2019-05-18","BlueScreen":9,"Scratch":6,"Object":4},{"Date":"2019-05-19","BlueScreen":4,"Scratch":6,"Object":18},{"Date":"2019-05-20","BlueScreen":12,"Scratch":14,"Object":14},{"Date":"2019-05-21","BlueScreen":18,"Scratch":14,"Object":5},{"Date":"2019-05-22","BlueScreen":0,"Scratch":3,"Object":17},{"Date":"2019-05-23","BlueScreen":5,"Scratch":13,"Object":10},{"Date":"2019-05-24","BlueScreen":13,"Scratch":18,"Object":11},{"Date":"2019-05-25","BlueScreen":19,"Scratch":20,"Object":9},{"Date":"2019-05-26","BlueScreen":1,"Scratch":6,"Object":2},{"Date":"2019-05-27","BlueScreen":9,"Scratch":12,"Object":18},{"Date":"2019-05-28","BlueScreen":11,"Scratch":3,"Object":10},{"Date":"2019-05-29","BlueScreen":7,"Scratch":20,"Object":4},{"Date":"2019-05-30","BlueScreen":3,"Scratch":16,"Object":0},{"Date":"2019-05-31","BlueScreen":9,"Scratch":6,"Object":7},{"Date":"2019-06-01","BlueScreen":9,"Scratch":15,"Object":4},{"Date":"2019-06-02","BlueScreen":1,"Scratch":19,"Object":18},{"Date":"2019-06-03","BlueScreen":19,"Scratch":14,"Object":3},{"Date":"2019-06-04","BlueScreen":18,"Scratch":20,"Object":20},{"Date":"2019-06-05","BlueScreen":12,"Scratch":16,"Object":11},{"Date":"2019-06-06","BlueScreen":18,"Scratch":12,"Object":14},{"Date":"2019-06-07","BlueScreen":12,"Scratch":0,"Object":15},{"Date":"2019-06-08","BlueScreen":6,"Scratch":18,"Object":1},{"Date":"2019-06-09","BlueScreen":20,"Scratch":4,"Object":3},{"Date":"2019-06-10","BlueScreen":0,"Scratch":8,"Object":1},{"Date":"2019-06-11","BlueScreen":6,"Scratch":12,"Object":2},{"Date":"2019-06-12","BlueScreen":19,"Scratch":7,"Object":14},{"Date":"2019-06-13","BlueScreen":10,"Scratch":7,"Object":20},{"Date":"2019-06-14","BlueScreen":3,"Scratch":9,"Object":5},{"Date":"2019-06-15","BlueScreen":17,"Scratch":10,"Object":11},{"Date":"2019-06-16","BlueScreen":4,"Scratch":18,"Object":4},{"Date":"2019-06-17","BlueScreen":15,"Scratch":16,"Object":10},{"Date":"2019-06-18","BlueScreen":13,"Scratch":18,"Object":7},{"Date":"2019-06-19","BlueScreen":1,"Scratch":11,"Object":7},{"Date":"2019-06-20","BlueScreen":14,"Scratch":9,"Object":1},{"Date":"2019-06-21","BlueScreen":6,"Scratch":4,"Object":10},{"Date":"2019-06-22","BlueScreen":8,"Scratch":13,"Object":19},{"Date":"2019-06-23","BlueScreen":18,"Scratch":11,"Object":19},{"Date":"2019-06-24","BlueScreen":15,"Scratch":14,"Object":11},{"Date":"2019-06-25","BlueScreen":19,"Scratch":9,"Object":2},{"Date":"2019-06-26","BlueScreen":19,"Scratch":3,"Object":17},{"Date":"2019-06-27","BlueScreen":5,"Scratch":14,"Object":13},{"Date":"2019-06-28","BlueScreen":14,"Scratch":16,"Object":7},{"Date":"2019-06-29","BlueScreen":18,"Scratch":9,"Object":17},{"Date":"2019-06-30","BlueScreen":1,"Scratch":19,"Object":11},{"Date":"2019-07-01","BlueScreen":4,"Scratch":0,"Object":2},{"Date":"2019-07-02","BlueScreen":11,"Scratch":16,"Object":0},{"Date":"2019-07-03","BlueScreen":7,"Scratch":1,"Object":1},{"Date":"2019-07-04","BlueScreen":18,"Scratch":4,"Object":15},{"Date":"2019-07-05","BlueScreen":10,"Scratch":9,"Object":4},{"Date":"2019-07-06","BlueScreen":8,"Scratch":19,"Object":4},{"Date":"2019-07-07","BlueScreen":2,"Scratch":19,"Object":16},{"Date":"2019-07-08","BlueScreen":17,"Scratch":6,"Object":15},{"Date":"2019-07-09","BlueScreen":13,"Scratch":9,"Object":7},{"Date":"2019-07-10","BlueScreen":13,"Scratch":9,"Object":20},{"Date":"2019-07-11","BlueScreen":11,"Scratch":15,"Object":14},{"Date":"2019-07-12","BlueScreen":7,"Scratch":18,"Object":12},{"Date":"2019-07-13","BlueScreen":1,"Scratch":17,"Object":1},{"Date":"2019-07-14","BlueScreen":4,"Scratch":20,"Object":2},{"Date":"2019-07-15","BlueScreen":18,"Scratch":15,"Object":10},{"Date":"2019-07-16","BlueScreen":9,"Scratch":10,"Object":12},{"Date":"2019-07-17","BlueScreen":11,"Scratch":9,"Object":1},{"Date":"2019-07-18","BlueScreen":13,"Scratch":15,"Object":4},{"Date":"2019-07-19","BlueScreen":2,"Scratch":14,"Object":10},{"Date":"2019-07-20","BlueScreen":8,"Scratch":8,"Object":20},{"Date":"2019-07-21","BlueScreen":12,"Scratch":10,"Object":17},{"Date":"2019-07-22","BlueScreen":5,"Scratch":11,"Object":16},{"Date":"2019-07-23","BlueScreen":9,"Scratch":12,"Object":2},{"Date":"2019-07-24","BlueScreen":18,"Scratch":15,"Object":19},{"Date":"2019-07-25","BlueScreen":13,"Scratch":12,"Object":19},{"Date":"2019-07-26","BlueScreen":15,"Scratch":0,"Object":12},{"Date":"2019-07-27","BlueScreen":18,"Scratch":13,"Object":14},{"Date":"2019-07-28","BlueScreen":15,"Scratch":7,"Object":3},{"Date":"2019-07-29","BlueScreen":9,"Scratch":1,"Object":8},{"Date":"2019-07-30","BlueScreen":11,"Scratch":0,"Object":1},{"Date":"2019-07-31","BlueScreen":5,"Scratch":8,"Object":7},{"Date":"2019-08-01","BlueScreen":20,"Scratch":4,"Object":2},{"Date":"2019-08-02","BlueScreen":14,"Scratch":11,"Object":1},{"Date":"2019-08-03","BlueScreen":14,"Scratch":7,"Object":16},{"Date":"2019-08-04","BlueScreen":11,"Scratch":10,"Object":14},{"Date":"2019-08-05","BlueScreen":11,"Scratch":2,"Object":17},{"Date":"2019-08-06","BlueScreen":6,"Scratch":11,"Object":8},{"Date":"2019-08-07","BlueScreen":18,"Scratch":18,"Object":15},{"Date":"2019-08-08","BlueScreen":9,"Scratch":5,"Object":11},{"Date":"2019-08-09","BlueScreen":11,"Scratch":17,"Object":0},{"Date":"2019-08-10","BlueScreen":5,"Scratch":14,"Object":13},{"Date":"2019-08-11","BlueScreen":12,"Scratch":3,"Object":6},{"Date":"2019-08-12","BlueScreen":8,"Scratch":19,"Object":13},{"Date":"2019-08-13","BlueScreen":7,"Scratch":16,"Object":0},{"Date":"2019-08-14","BlueScreen":20,"Scratch":18,"Object":11},{"Date":"2019-08-15","BlueScreen":13,"Scratch":7,"Object":1},{"Date":"2019-08-16","BlueScreen":18,"Scratch":5,"Object":4},{"Date":"2019-08-17","BlueScreen":7,"Scratch":6,"Object":10},{"Date":"2019-08-18","BlueScreen":16,"Scratch":0,"Object":0},{"Date":"2019-08-19","BlueScreen":1,"Scratch":7,"Object":19},{"Date":"2019-08-20","BlueScreen":4,"Scratch":3,"Object":7},{"Date":"2019-08-21","BlueScreen":18,"Scratch":19,"Object":3},{"Date":"2019-08-22","BlueScreen":8,"Scratch":6,"Object":7},{"Date":"2019-08-23","BlueScreen":11,"Scratch":13,"Object":4},{"Date":"2019-08-24","BlueScreen":7,"Scratch":7,"Object":20},{"Date":"2019-08-25","BlueScreen":8,"Scratch":17,"Object":5},{"Date":"2019-08-26","BlueScreen":11,"Scratch":4,"Object":0},{"Date":"2019-08-27","BlueScreen":14,"Scratch":7,"Object":4},{"Date":"2019-08-28","BlueScreen":11,"Scratch":1,"Object":12},{"Date":"2019-08-29","BlueScreen":4,"Scratch":14,"Object":12},{"Date":"2019-08-30","BlueScreen":10,"Scratch":4,"Object":11},{"Date":"2019-08-31","BlueScreen":6,"Scratch":19,"Object":15},{"Date":"2019-09-01","BlueScreen":4,"Scratch":13,"Object":8},{"Date":"2019-09-02","BlueScreen":1,"Scratch":8,"Object":1},{"Date":"2019-09-03","BlueScreen":20,"Scratch":5,"Object":6},{"Date":"2019-09-04","BlueScreen":4,"Scratch":10,"Object":3},{"Date":"2019-09-05","BlueScreen":3,"Scratch":9,"Object":9},{"Date":"2019-09-06","BlueScreen":9,"Scratch":4,"Object":9},{"Date":"2019-09-07","BlueScreen":19,"Scratch":1,"Object":10},{"Date":"2019-09-08","BlueScreen":2,"Scratch":16,"Object":13},{"Date":"2019-09-09","BlueScreen":10,"Scratch":19,"Object":14},{"Date":"2019-09-10","BlueScreen":12,"Scratch":3,"Object":8},{"Date":"2019-09-11","BlueScreen":19,"Scratch":15,"Object":0},{"Date":"2019-09-12","BlueScreen":15,"Scratch":6,"Object":14},{"Date":"2019-09-13","BlueScreen":0,"Scratch":5,"Object":12},{"Date":"2019-09-14","BlueScreen":2,"Scratch":9,"Object":7},{"Date":"2019-09-15","BlueScreen":14,"Scratch":6,"Object":8},{"Date":"2019-09-16","BlueScreen":6,"Scratch":12,"Object":2},{"Date":"2019-09-17","BlueScreen":7,"Scratch":6,"Object":10},{"Date":"2019-09-18","BlueScreen":18,"Scratch":13,"Object":8},{"Date":"2019-09-19","BlueScreen":9,"Scratch":13,"Object":17},{"Date":"2019-09-20","BlueScreen":4,"Scratch":11,"Object":13},{"Date":"2019-09-21","BlueScreen":17,"Scratch":8,"Object":6},{"Date":"2019-09-22","BlueScreen":6,"Scratch":5,"Object":16},{"Date":"2019-09-23","BlueScreen":5,"Scratch":3,"Object":15},{"Date":"2019-09-24","BlueScreen":2,"Scratch":0,"Object":1},{"Date":"2019-09-25","BlueScreen":11,"Scratch":13,"Object":20},{"Date":"2019-09-26","BlueScreen":17,"Scratch":12,"Object":11},{"Date":"2019-09-27","BlueScreen":13,"Scratch":5,"Object":18},{"Date":"2019-09-28","BlueScreen":6,"Scratch":12,"Object":13},{"Date":"2019-09-29","BlueScreen":20,"Scratch":10,"Object":13},{"Date":"2019-09-30","BlueScreen":15,"Scratch":19,"Object":14},{"Date":"2019-10-01","BlueScreen":18,"Scratch":7,"Object":14},{"Date":"2019-10-02","BlueScreen":2,"Scratch":14,"Object":10},{"Date":"2019-10-03","BlueScreen":10,"Scratch":11,"Object":2},{"Date":"2019-10-04","BlueScreen":12,"Scratch":11,"Object":6},{"Date":"2019-10-05","BlueScreen":7,"Scratch":16,"Object":9},{"Date":"2019-10-06","BlueScreen":15,"Scratch":10,"Object":10},{"Date":"2019-10-07","BlueScreen":13,"Scratch":7,"Object":14},{"Date":"2019-10-08","BlueScreen":20,"Scratch":20,"Object":5},{"Date":"2019-10-09","BlueScreen":13,"Scratch":10,"Object":10},{"Date":"2019-10-10","BlueScreen":4,"Scratch":13,"Object":3},{"Date":"2019-10-11","BlueScreen":19,"Scratch":2,"Object":5},{"Date":"2019-10-12","BlueScreen":18,"Scratch":12,"Object":9},{"Date":"2019-10-13","BlueScreen":14,"Scratch":4,"Object":19},{"Date":"2019-10-14","BlueScreen":8,"Scratch":11,"Object":14},{"Date":"2019-10-15","BlueScreen":8,"Scratch":10,"Object":15},{"Date":"2019-10-16","BlueScreen":6,"Scratch":9,"Object":2},{"Date":"2019-10-17","BlueScreen":14,"Scratch":7,"Object":9},{"Date":"2019-10-18","BlueScreen":9,"Scratch":11,"Object":9},{"Date":"2019-10-19","BlueScreen":7,"Scratch":13,"Object":10},{"Date":"2019-10-20","BlueScreen":3,"Scratch":9,"Object":4},{"Date":"2019-10-21","BlueScreen":8,"Scratch":19,"Object":7},{"Date":"2019-10-22","BlueScreen":16,"Scratch":0,"Object":20},{"Date":"2019-10-23","BlueScreen":8,"Scratch":19,"Object":17},{"Date":"2019-10-24","BlueScreen":9,"Scratch":8,"Object":2},{"Date":"2019-10-25","BlueScreen":18,"Scratch":16,"Object":13},{"Date":"2019-10-26","BlueScreen":10,"Scratch":12,"Object":5},{"Date":"2019-10-27","BlueScreen":1,"Scratch":12,"Object":18},{"Date":"2019-10-28","BlueScreen":13,"Scratch":14,"Object":18},{"Date":"2019-10-29","BlueScreen":10,"Scratch":14,"Object":6},{"Date":"2019-10-30","BlueScreen":7,"Scratch":16,"Object":18},{"Date":"2019-10-31","BlueScreen":8,"Scratch":16,"Object":11},{"Date":"2019-11-01","BlueScreen":3,"Scratch":4,"Object":6},{"Date":"2019-11-02","BlueScreen":16,"Scratch":1,"Object":9},{"Date":"2019-11-03","BlueScreen":6,"Scratch":1,"Object":6},{"Date":"2019-11-04","BlueScreen":8,"Scratch":5,"Object":18},{"Date":"2019-11-05","BlueScreen":15,"Scratch":20,"Object":19},{"Date":"2019-11-06","BlueScreen":16,"Scratch":19,"Object":2},{"Date":"2019-11-07","BlueScreen":6,"Scratch":15,"Object":2},{"Date":"2019-11-08","BlueScreen":6,"Scratch":19,"Object":2},{"Date":"2019-11-09","BlueScreen":18,"Scratch":19,"Object":15},{"Date":"2019-11-10","BlueScreen":6,"Scratch":11,"Object":8},{"Date":"2019-11-11","BlueScreen":15,"Scratch":7,"Object":11},{"Date":"2019-11-12","BlueScreen":20,"Scratch":9,"Object":1},{"Date":"2019-11-13","BlueScreen":4,"Scratch":7,"Object":8},{"Date":"2019-11-14","BlueScreen":19,"Scratch":13,"Object":16},{"Date":"2019-11-15","BlueScreen":0,"Scratch":7,"Object":10},{"Date":"2019-11-16","BlueScreen":3,"Scratch":11,"Object":20},{"Date":"2019-11-17","BlueScreen":10,"Scratch":15,"Object":17},{"Date":"2019-11-18","BlueScreen":19,"Scratch":0,"Object":5},{"Date":"2019-11-19","BlueScreen":11,"Scratch":10,"Object":12},{"Date":"2019-11-20","BlueScreen":18,"Scratch":11,"Object":13},{"Date":"2019-11-21","BlueScreen":11,"Scratch":13,"Object":11},{"Date":"2019-11-22","BlueScreen":5,"Scratch":1,"Object":5},{"Date":"2019-11-23","BlueScreen":9,"Scratch":16,"Object":12},{"Date":"2019-11-24","BlueScreen":10,"Scratch":11,"Object":14},{"Date":"2019-11-25","BlueScreen":19,"Scratch":5,"Object":6},{"Date":"2019-11-26","BlueScreen":15,"Scratch":3,"Object":14},{"Date":"2019-11-27","BlueScreen":2,"Scratch":10,"Object":2},{"Date":"2019-11-28","BlueScreen":13,"Scratch":8,"Object":2},{"Date":"2019-11-29","BlueScreen":5,"Scratch":2,"Object":18},{"Date":"2019-11-30","BlueScreen":14,"Scratch":20,"Object":20},{"Date":"2019-12-01","BlueScreen":11,"Scratch":5,"Object":10},{"Date":"2019-12-02","BlueScreen":18,"Scratch":1,"Object":19},{"Date":"2019-12-03","BlueScreen":16,"Scratch":1,"Object":14},{"Date":"2019-12-04","BlueScreen":11,"Scratch":4,"Object":18},{"Date":"2019-12-05","BlueScreen":12,"Scratch":7,"Object":9},{"Date":"2019-12-06","BlueScreen":11,"Scratch":20,"Object":0},{"Date":"2019-12-07","BlueScreen":1,"Scratch":0,"Object":3},{"Date":"2019-12-08","BlueScreen":13,"Scratch":9,"Object":7},{"Date":"2019-12-09","BlueScreen":6,"Scratch":12,"Object":8},{"Date":"2019-12-10","BlueScreen":10,"Scratch":10,"Object":2},{"Date":"2019-12-11","BlueScreen":11,"Scratch":13,"Object":6},{"Date":"2019-12-12","BlueScreen":4,"Scratch":10,"Object":8},{"Date":"2019-12-13","BlueScreen":2,"Scratch":9,"Object":20},{"Date":"2019-12-14","BlueScreen":5,"Scratch":14,"Object":5},{"Date":"2019-12-15","BlueScreen":1,"Scratch":0,"Object":17},{"Date":"2019-12-16","BlueScreen":20,"Scratch":8,"Object":9},{"Date":"2019-12-17","BlueScreen":18,"Scratch":11,"Object":19},{"Date":"2019-12-18","BlueScreen":3,"Scratch":16,"Object":6},{"Date":"2019-12-19","BlueScreen":17,"Scratch":8,"Object":2},{"Date":"2019-12-20","BlueScreen":1,"Scratch":5,"Object":9},{"Date":"2019-12-21","BlueScreen":12,"Scratch":16,"Object":8},{"Date":"2019-12-22","BlueScreen":4,"Scratch":20,"Object":5},{"Date":"2019-12-23","BlueScreen":1,"Scratch":9,"Object":14},{"Date":"2019-12-24","BlueScreen":19,"Scratch":16,"Object":20},{"Date":"2019-12-25","BlueScreen":20,"Scratch":8,"Object":19},{"Date":"2019-12-26","BlueScreen":14,"Scratch":16,"Object":4},{"Date":"2019-12-27","BlueScreen":4,"Scratch":8,"Object":13},{"Date":"2019-12-28","BlueScreen":2,"Scratch":9,"Object":1},{"Date":"2019-12-29","BlueScreen":8,"Scratch":8,"Object":17},{"Date":"2019-12-30","BlueScreen":10,"Scratch":17,"Object":17},{"Date":"2019-12-31","BlueScreen":11,"Scratch":13,"Object":6}]