{"totalnum":"50","totalinfo":[{"Img":"img\/22.jpeg","Date":"2019-04-30 16:59:42","Location":"Huiyang","CameraID":"Cam00148","ProductionLineID":"BJ_01","Model":"Lenovo Y470","ErrorType":"BlueScreen"},{"Img":"img\/22.jpeg","Date":"2019-04-30 16:59:42","Location":"Huiyang","CameraID":"Cam00144","ProductionLineID":"BJ_01","Model":"Lenovo Y470","ErrorType":"BlueScreen"},{"Img":"img\/22.jpeg","Date":"2019-04-30 16:59:42","Location":"Huiyang","CameraID":"Cam00167","ProductionLineID":"BJ_01","Model":"Lenovo Y470","ErrorType":"BlueScreen"},{"Img":"img\/22.jpeg","Date":"2019-04-30 16:59:42","Location":"Huiyang","CameraID":"Cam00176","ProductionLineID":"BJ_01","Model":"Lenovo Y470","ErrorType":"BlueScreen"},{"Img":"img\/22.jpeg","Date":"2019-04-30 16:59:42","Location":"Huiyang","CameraID":"Cam00124","ProductionLineID":"BJ_01","Model":"Lenovo Y470","ErrorType":"BlueScreen"}]}